{
    "loss": 1.7843269109725952,
    "accuracy": 0.9396551847457886
}