{
    "loss": 2.839560031890869,
    "accuracy": 0.6465517282485962
}